username,password,email
Wendi,Libna,Wendi@yopmail.com
Lusa,Ade,Lusa@yopmail.com
Hermione,Macey,Hermione@yopmail.com
Kayla,McNully,Kayla@yopmail.com
Angela,Garrison,Angela@yopmail.com
Hettie,Toffic,Hettie@yopmail.com
Sharai,Ivens,Sharai@yopmail.com
Etta,Sibyls,Etta@yopmail.com
Raina,Hamil,Raina@yopmail.com
Fanny,Ader,Fanny@yopmail.com
Shell,Katrine,Shell@yopmail.com
Layla,Frendel,Layla@yopmail.com
Chastity,Izaak,Chastity@yopmail.com
Eugine,Thilda,Eugine@yopmail.com
Kellen,Kronfeld,Kellen@yopmail.com
Elyssa,Hourigan,Elyssa@yopmail.com
Quintina,Docilla,Quintina@yopmail.com
Alleen,Geffner,Alleen@yopmail.com
Marsiella,Verger,Marsiella@yopmail.com
Sam,Amasa,Sam@yopmail.com